{"options":{"validator":{"$jsonSchema":{"bsonType":"object","required":["cliente_id","detalle_factura_id","precio_total","fecha_creacion"],"properties":{"cliente_id":{"bsonType":"objectId","description":"Debe ser un ObjectId válido y es obligatorio"},"detalle_factura_id":{"bsonType":"objectId","description":"Debe ser un ObjectId válido y es obligatorio"},"precio_total":{"description":"Este campo es obligatorio, pero no se especifica el tipo"},"fecha_creacion":{"bsonType":"date","description":"Debe ser una fecha válida y es obligatorio"}}}},"validationLevel":"strict","validationAction":"error"},"indexes":[{"v":{"$numberInt":"2"},"key":{"_id":{"$numberInt":"1"}},"name":"_id_"}],"uuid":"0f282c1954bf43aaa1a41d2641748866","collectionName":"cabecera_facturas","type":"collection"}