{"options":{"validator":{"$jsonSchema":{"bsonType":"object","required":["usuario_id","nombre","apellido","direccion","telefono"],"properties":{"usuario_id":{"bsonType":"objectId","description":"Clave foránea obligatoria"},"nombre":{"bsonType":"string","description":"Campo obligatorio"},"apellido":{"bsonType":"string","description":"Campo obligatorio"},"direccion":{"bsonType":"string","description":"Campo obligatorio"},"telefono":{"bsonType":"string","description":"Debe contener 10 números","pattern":"^[0-9]{10}$"}}}},"validationLevel":"strict","validationAction":"error"},"indexes":[{"v":{"$numberInt":"2"},"key":{"_id":{"$numberInt":"1"}},"name":"_id_"}],"uuid":"5c4690392247498ebccd6143e21f9384","collectionName":"clientes","type":"collection"}