{"options":{"validator":{"$jsonSchema":{"bsonType":"object","required":["usuario_id","nombre_distribuidor","ruc","telefono"],"properties":{"usuario_id":{"bsonType":"objectId","description":"Clave foránea obligatoria"},"nombre_distribuidor":{"bsonType":"string","description":"Campo obligatorio"},"ruc":{"bsonType":"string","description":"Campo obligatorio"},"telefono":{"bsonType":"string","description":"Debe contener 10 números","pattern":"^[0-9]{10}$"}}}},"validationLevel":"strict","validationAction":"error"},"indexes":[{"v":{"$numberInt":"2"},"key":{"_id":{"$numberInt":"1"}},"name":"_id_"}],"uuid":"161a40b95d084e2e9b50086197347729","collectionName":"distribuidores","type":"collection"}