{"options":{"validator":{"$jsonSchema":{"bsonType":"object","required":["usuario_id","nombre","apellido","tipo_empleado","telefono"],"properties":{"usuario_id":{"bsonType":"objectId","description":"Clave foránea obligatoria"},"nombre":{"bsonType":"string","description":"Campo obligatorio"},"apellido":{"bsonType":"string","description":"Campo obligatorio"},"tipo_empleado":{"bsonType":"string","description":"Debe ser 'ventas', 'administrador' o 'analista'","enum":["ventas","administrador","analista"]},"telefono":{"bsonType":"string","description":"Debe contener 10 números","pattern":"^[0-9]{10}$"}}}},"validationLevel":"strict","validationAction":"error"},"indexes":[{"v":{"$numberInt":"2"},"key":{"_id":{"$numberInt":"1"}},"name":"_id_"}],"uuid":"94986f52c37444649d74d39e11f65a8f","collectionName":"empleados","type":"collection"}