{"options":{"validator":{"$jsonSchema":{"bsonType":"object","required":["tipo","descripcion","mensaje","fecha_envio","destinatarios","activo","destinatario_id"],"properties":{"tipo":{"bsonType":"string","description":"Tipo de notificación, ejemplo: 'stock_bajo'"},"descripcion":{"bsonType":"string","description":"Descripción de la notificación"},"mensaje":{"bsonType":"string","description":"Mensaje a mostrar en la notificación"},"fecha_envio":{"bsonType":"date","description":"Fecha de envío en formato ISODate"},"destinatarios":{"bsonType":"array","items":{"bsonType":"string"},"description":"Lista de destinatarios"},"activo":{"bsonType":"bool","description":"Estado de la notificación, debe ser 'true' o 'false'"},"destinatario_id":{"bsonType":"objectId","description":"ID del destinatario, debe ser un ObjectId válido"}}}},"validationLevel":"strict","validationAction":"error"},"indexes":[{"v":{"$numberInt":"2"},"key":{"_id":{"$numberInt":"1"}},"name":"_id_"}],"uuid":"5cfe291d395543c88b3d3d36e92f104d","collectionName":"notificaciones","type":"collection"}