{"options":{"validator":{"$jsonSchema":{"bsonType":"object","required":["producto_id","descripcion","razon","fecha_inicio","fecha_fin","descuento","activo"],"properties":{"producto_id":{"bsonType":"objectId","description":"Clave foránea obligatoria"},"descripcion":{"bsonType":"string","description":"Campo obligatorio"},"razon":{"bsonType":"string","description":"Campo obligatorio"},"fecha_inicio":{"bsonType":"date","description":"Campo obligatorio"},"fecha_fin":{"bsonType":"date","description":"Campo obligatorio"},"descuento":{"bsonType":"int","description":"Campo obligatorio"},"activo":{"bsonType":"bool","description":"Campo obligatorio"}}}},"validationLevel":"strict","validationAction":"error"},"indexes":[{"v":{"$numberInt":"2"},"key":{"_id":{"$numberInt":"1"}},"name":"_id_"}],"uuid":"7e7f81e5058842a8a90b53105b3ba8cd","collectionName":"ofertas","type":"collection"}