{"options":{"validator":{"$jsonSchema":{"bsonType":"object","required":["nombre","descripcion","precio","stock","sku","estado_stock","categoria_id","distribuidor_id","activo"],"properties":{"precio":{"bsonType":["double","decimal"],"description":"Campo obligatorio"}}}},"validationLevel":"strict","validationAction":"error"},"indexes":[{"v":{"$numberInt":"2"},"key":{"_id":{"$numberInt":"1"}},"name":"_id_"}],"uuid":"035b31f68bdd4e84be1c2c97d245fdaf","collectionName":"productos","type":"collection"}