{"options":{"validator":{"$jsonSchema":{"bsonType":"object","required":["correo","contraseña","rol","fecha_registro","estado"],"properties":{"correo":{"bsonType":"string","description":"Debe ser un correo válido con el caracter '@'","pattern":"^[^@\\s]+@[^@\\s]+\\.[^@\\s]+$"},"contraseña":{"bsonType":"string","description":"Debe tener al menos 8 caracteres, incluyendo letras, números y caracteres especiales","minLength":{"$numberInt":"8"}},"rol":{"bsonType":"string","description":"Debe ser 'cliente', 'distribuidor' o 'empleado'","enum":["cliente","distribuidor","empleado"]},"fecha_registro":{"bsonType":"date","description":"Debe ser una fecha en formato ISODate"},"estado":{"bsonType":"string","description":"Debe ser 'activo' o 'inactivo'","enum":["activo","inactivo"]}}}},"validationLevel":"strict","validationAction":"error"},"indexes":[{"v":{"$numberInt":"2"},"key":{"_id":{"$numberInt":"1"}},"name":"_id_"}],"uuid":"08376ffd11f347b89dbae3ff92944e9b","collectionName":"usuarios","type":"collection"}